{"IcoMoonType":"selection","icons":[{"icon":{"paths":["M661.333 597.333h-33.707l-11.947-11.52c41.625-48.070 66.987-111.215 66.987-180.284 0-0.069-0-0.138-0-0.207l0 0.011c0-153.167-124.166-277.333-277.333-277.333s-277.333 124.166-277.333 277.333c0 153.167 124.166 277.333 277.333 277.333v0c68.693 0 131.84-25.173 180.48-66.987l11.52 11.947v33.707l213.333 212.907 63.573-63.573-212.907-213.333zM405.333 597.333c-106.24 0-192-85.76-192-192s85.76-192 192-192 192 85.76 192 192-85.76 192-192 192z"],"attrs":[{}],"isMulticolor":false,"isMulticolor2":false,"grid":0,"tags":["search"]},"attrs":[{}],"properties":{"order":15,"id":0,"name":"search","prevSize":32,"code":59649},"setIdx":0,"setId":3,"iconIdx":0},{"icon":{"paths":["M548.571 0l123.162 379.052h398.559l-322.439 234.269 123.162 379.056-322.443-234.269-322.442 234.269 123.162-379.056-322.442-234.269h398.561l123.162-379.052z"],"attrs":[{"fill":"rgb(255, 255, 255)"}],"width":1097,"isMulticolor":false,"isMulticolor2":false,"grid":0,"tags":["Star 1"]},"attrs":[{"fill":"rgb(255, 255, 255)"}],"properties":{"order":14,"id":0,"name":"Star-1","prevSize":32,"code":59648},"setIdx":1,"setId":2,"iconIdx":2}],"height":1024,"metadata":{"name":"icomoon12"},"preferences":{"showGlyphs":true,"showQuickUse":true,"showQuickUse2":true,"showSVGs":true,"fontPref":{"prefix":"icon-","metadata":{"fontFamily":"icomoon12","majorVersion":1,"minorVersion":0},"metrics":{"emSize":1024,"baseline":6.25,"whitespace":50},"embed":false,"resetPoint":59648},"imagePref":{"prefix":"icon-","png":true,"useClassSelector":true,"color":0,"bgColor":16777215,"classSelector":".icon","name":"icomoon"},"historySize":50,"showCodes":true,"gridSize":16}}